{"is_source_file": true, "format": "Kotlin", "description": "This file is an Android activity written in Kotlin for a Bluetooth Low Energy (BLE) scanning app. It manages UI components, handles permissions, and interacts with a BleManager class to perform BLE device scans.", "external_files": ["android.R.layout.simple_list_item_1", "org.example.app.ble.BleManager", "R.layout.activity_main", "R.id.statusText", "R.id.scanButton", "R.id.stopButton", "R.id.deviceList"], "external_methods": ["android.app.Activity.setContentView", "android.app.Activity.findViewById", "android.widget.ArrayAdapter", "android.widget.Button.setOnClickListener", "android.widget.ListView.setAdapter", "Log.i", "Log.e", "runOnUiThread", "android.content.Intent", "android.os.Build.VERSION.SDK_INT", "android.os.Build.VERSION_CODES.S", "android.Manifest.permission.BLUETOOTH_SCAN", "android.Manifest.permission.BLUETOOTH_CONNECT", "android.Manifest.permission.ACCESS_FINE_LOCATION", "checkSelfPermission", "requestPermissions", "startActivityForResult", "android.app.Activity.RESULT_OK", "android.content.pm.PackageManager.PERMISSION_GRANTED"], "published": ["MainActivity"], "classes": [{"name": "MainActivity", "description": "Primary activity managing Bluetooth scanning UI and interactions."}], "methods": [{"name": "onCreate", "description": "Initializes UI components, sets up button click listeners, and initializes the BleManager object."}, {"name": "onStop", "description": "Stops Bluetooth scanning when the activity is no longer visible to avoid resource leaks."}, {"name": "startScanNoFilter", "description": "Starts BLE scanning with a callback for scan events and updates UI accordingly."}, {"name": "setStatus", "description": "Updates the status TextView with a message."}, {"name": "requestEnableBluetooth", "description": "Requests the user to enable Bluetooth via system intent."}, {"name": "hasRequiredBlePermissions", "description": "Checks whether the app has necessary BLE permissions based on Android version."}, {"name": "requestRequiredBlePermissions", "description": "Requests BLE-related runtime permissions from the user."}, {"name": "onRequestPermissionsResult", "description": "Handles user's response to permission requests."}, {"name": "onActivityResult", "description": "Handles the result of Bluetooth enable request."}], "calls": ["setContentView", "findViewById", "ArrayAdapter", "setAdapter", "BleManager.startScanNoFilter", "BleManager.stopScan", "Log.i", "Log.e", "runOnUiThread", "setStatus", "requestPermissions", "startActivityForResult", "checkSelfPermission"], "search-terms": ["MainActivity", "BLE scan", "Bluetooth permission Android 12", "requestEnableBluetooth", "BleManager", "scanButton", "stopButton", "activity_main layout", "requestPermissions", "onRequestPermissionsResult"], "state": 2, "file_id": 7, "knowledge_revision": 17, "git_revision": "27378bf072b4fb1d1b1bde9c0783bed8b6010bf7", "hash": "e8dd9e493b4b0349d9b2552a47b8254e", "format-version": 4, "code-base-name": "android_app", "filename": "android_app/app/src/main/kotlin/org/example/app/MainActivity.kt", "revision_history": [{"17": "27378bf072b4fb1d1b1bde9c0783bed8b6010bf7"}]}