{"is_source_file": false, "format": "", "description": "", "external_files": [], "external_methods": [], "published": [], "classes": [], "methods": [], "calls": [], "search-terms": [], "state": 2, "file_id": 8, "knowledge_revision": 18, "git_revision": "27378bf072b4fb1d1b1bde9c0783bed8b6010bf7", "hash": "c75f1aca7514404eea60938f91d604f7", "format-version": 4, "code-base-name": "android_app", "filename": "android_app/app/src/main/res/values/strings.xml", "revision_history": [{"18": "27378bf072b4fb1d1b1bde9c0783bed8b6010bf7"}]}