{"is_source_file": true, "format": "Kotlin", "description": "Defines a singleton object 'MessageUtils' with a function 'message' that returns a greeting string.", "external_files": [], "external_methods": [], "published": ["MessageUtils"], "classes": [{"name": "MessageUtils", "description": "A singleton object providing utility functions related to messages."}], "methods": [{"name": "message", "description": "Returns a greeting string 'Hello     World!'."}], "calls": ["MessageUtils.message"], "search-terms": ["MessageUtils", "message", "kotlin singleton", "utility object"], "state": 2, "file_id": 11, "knowledge_revision": 27, "git_revision": "27378bf072b4fb1d1b1bde9c0783bed8b6010bf7", "hash": "bcefa7d4a969b0fbc2137e047767df44", "format-version": 4, "code-base-name": "android_app", "filename": "android_app/app/src/main/kotlin/org/example/app/MessageUtils.kt", "revision_history": [{"27": "27378bf072b4fb1d1b1bde9c0783bed8b6010bf7"}]}