{"is_source_file": true, "format": "Kotlin", "description": "This Kotlin source file defines a utility object SplitUtils for splitting a string into tokens separated by spaces and storing the tokens in a linked list.", "external_files": ["org/example/list/LinkedList.kt"], "external_methods": ["LinkedList.add"], "published": ["SplitUtils"], "classes": [{"name": "SplitUtils", "description": "A singleton object providing string splitting utility functions."}], "methods": [{"name": "split", "description": "Splits the input string into tokens separated by spaces and returns a linked list of tokens."}, {"name": "addIfValid", "description": "Adds a token to the list if it is valid (not empty)."}, {"name": "isTokenValid", "description": "Checks if a token is valid (not empty)."}], "calls": ["source.indexOf", "source.substring", "addIfValid", "isTokenValid"], "search-terms": ["SplitUtils", "split function", "string tokenization", "linked list utility", "Kotlin string split"], "state": 2, "file_id": 14, "knowledge_revision": 30, "git_revision": "27378bf072b4fb1d1b1bde9c0783bed8b6010bf7", "hash": "8bed59570d9b2c80ea163f8381f5ad8b", "format-version": 4, "code-base-name": "android_app", "filename": "android_app/utilities/src/main/kotlin/org/example/utilities/SplitUtils.kt", "revision_history": [{"30": "27378bf072b4fb1d1b1bde9c0783bed8b6010bf7"}]}