{"is_source_file": false, "format": "", "description": "", "external_files": [], "external_methods": [], "published": [], "classes": [], "methods": [], "calls": [], "search-terms": [], "state": 2, "file_id": 4, "knowledge_revision": 12, "git_revision": "27378bf072b4fb1d1b1bde9c0783bed8b6010bf7", "hash": "a3c5a2b6732c23fff7289cc07e77f665", "format-version": 4, "code-base-name": "android_app", "filename": "android_app/app/src/main/AndroidManifest.xml", "revision_history": [{"12": "27378bf072b4fb1d1b1bde9c0783bed8b6010bf7"}]}