{"is_source_file": false, "format": "", "description": "", "external_files": [], "external_methods": [], "published": [], "classes": [], "methods": [], "calls": [], "search-terms": [], "state": 2, "file_id": 5, "knowledge_revision": 15, "git_revision": "27378bf072b4fb1d1b1bde9c0783bed8b6010bf7", "hash": "bb8425ab2a535c0bd1f502a7dd6832db", "format-version": 4, "code-base-name": "android_app", "filename": "android_app/app/src/main/res/layout/activity_main.xml", "revision_history": [{"15": "27378bf072b4fb1d1b1bde9c0783bed8b6010bf7"}]}