{"is_source_file": true, "format": "Kotlin", "description": "A utility object providing string manipulation functions that delegate to JoinUtils and SplitUtils, focused on joining a LinkedList into a String and splitting a String into a LinkedList.", "external_files": ["org/example/list/LinkedList.kt", "org/example/utilities/JoinUtils.kt", "org/example/utilities/SplitUtils.kt"], "external_methods": ["JoinUtils.join(LinkedList): String", "SplitUtils.split(String): LinkedList"], "published": ["StringUtils"], "classes": [{"name": "StringUtils", "description": "A Kotlin object that provides utility methods for string operations, such as join and split, using LinkedList."}], "methods": [{"name": "join", "description": "Joins elements of a LinkedList into a String using JoinUtils."}, {"name": "split", "description": "Splits a String into a LinkedList using SplitUtils."}], "calls": ["JoinUtils.join", "SplitUtils.split"], "search-terms": ["StringUtils", "join", "split", "LinkedList", "utilities", "kotlin"], "state": 2, "file_id": 13, "knowledge_revision": 29, "git_revision": "27378bf072b4fb1d1b1bde9c0783bed8b6010bf7", "hash": "d2e8b8a7116450b7d3a3224fee8ed988", "format-version": 4, "code-base-name": "android_app", "filename": "android_app/utilities/src/main/kotlin/org/example/utilities/StringUtils.kt", "revision_history": [{"29": "27378bf072b4fb1d1b1bde9c0783bed8b6010bf7"}]}