{"is_source_file": true, "format": "Kotlin", "description": "This Kotlin file defines an internal utility object 'JoinUtils' which provides a method to join elements of a custom LinkedList into a single string separated by spaces.", "external_files": ["org.example.list.LinkedList"], "external_methods": [], "published": ["org.example.utilities.JoinUtils"], "classes": [{"name": "JoinUtils", "description": "An internal singleton object providing utility functions related to joining list elements into a string."}], "methods": [{"name": "join", "description": "Concatenates elements of a LinkedList into a space-separated string."}], "calls": ["source.size()", "source.get(i)", "result.append()", "result.toString()"], "search-terms": ["JoinUtils", "join", "LinkedList", "utilities", "string join"], "state": 2, "file_id": 12, "knowledge_revision": 28, "git_revision": "27378bf072b4fb1d1b1bde9c0783bed8b6010bf7", "hash": "d5d37075d12a0655ed99a33a4822bcca", "format-version": 4, "code-base-name": "android_app", "filename": "android_app/utilities/src/main/kotlin/org/example/utilities/JoinUtils.kt", "revision_history": [{"28": "27378bf072b4fb1d1b1bde9c0783bed8b6010bf7"}]}