{"is_source_file": true, "format": "Kotlin", "description": "This file defines a singly linked list data structure with methods for adding, removing, retrieving size, and accessing elements by index. It includes internal classes and companion objects to manage list nodes.", "external_files": [], "external_methods": [], "published": ["org.example.list.LinkedList"], "classes": [{"name": "LinkedList", "description": "A singly linked list implementation managing nodes containing String data, with methods for list operations."}, {"name": "Node", "description": "An internal class representing a node in the linked list, holding String data and a reference to the next node."}], "methods": [{"name": "add", "description": "Adds an element to the end of the linked list."}, {"name": "remove", "description": "Removes the first occurrence of the specified element from the list."}, {"name": "size", "description": "Returns the number of elements in the list."}, {"name": "get", "description": "Retrieves the element at the specified index."}, {"name": "unlink", "description": "Private method to detach a node from the list, updating references accordingly."}, {"name": "tail", "description": "Companion object function to find the last node in the list starting from head."}], "calls": ["tail", "unlink", "java.lang.IndexOutOfBoundsException"], "search-terms": ["LinkedList", "add method implementation", "remove method linked list", "get element by index Kotlin"], "state": 2, "file_id": 10, "knowledge_revision": 31, "git_revision": "27378bf072b4fb1d1b1bde9c0783bed8b6010bf7", "hash": "a4ff5a071c1491fad8c1a93e5dd6a39e", "format-version": 4, "code-base-name": "android_app", "filename": "android_app/list/src/main/kotlin/org/example/list/LinkedList.kt", "revision_history": [{"31": "27378bf072b4fb1d1b1bde9c0783bed8b6010bf7"}]}