{"is_source_file": false, "format": "", "description": "", "external_files": [], "external_methods": [], "published": [], "classes": [], "methods": [], "calls": [], "search-terms": [], "state": 2, "file_id": 1, "knowledge_revision": 5, "git_revision": "f6b346c1261275a094ec7013ca45afb52d32f715", "hash": "836b747d13f9ed5951c42ca4f7b3ba76", "format-version": 4, "code-base-name": "android_app", "filename": "android_app/init_script.sh", "revision_history": [{"5": "f6b346c1261275a094ec7013ca45afb52d32f715"}]}