{"is_source_file": false, "format": "", "description": "", "external_files": [], "external_methods": [], "published": [], "classes": [], "methods": [], "calls": [], "search-terms": [], "state": 2, "file_id": 9, "knowledge_revision": 26, "git_revision": "27378bf072b4fb1d1b1bde9c0783bed8b6010bf7", "hash": "ecaf29ae072beb8364fa679d353950e6", "format-version": 4, "code-base-name": "android_app", "filename": "android_app/README.md", "revision_history": [{"26": "27378bf072b4fb1d1b1bde9c0783bed8b6010bf7"}]}